{
  "parameters": {
    "batchSize": 32,
    "learningRate": 0.001,
    "lstmUnits": [
      64,
      32
    ],
    "dropoutRate": 0.15,
    "l2Regularization": 0.00001
  },
  "score": 0.19298305527607287,
  "hyperparameters": {
    "lookbackWindow": 20,
    "featureSize": 16,
    "epochs": 50,
    "validationSplit": 0.2,
    "patience": 15,
    "searchSpace": {
      "batchSize": [
        32,
        64,
        128
      ],
      "learningRate": [
        0.001,
        0.0005,
        0.0001
      ],
      "lstmUnits": [
        [
          64,
          32
        ],
        [
          96,
          48
        ],
        [
          128,
          64
        ]
      ],
      "dropoutRate": [
        0.1,
        0.15,
        0.2
      ],
      "l2Regularization": [
        0.00001,
        0.00005,
        0.0001
      ]
    }
  },
  "timestamp": "2024-11-13T10:27:21.634Z"
}