{
  "parameters": {
    "batchSize": 32,
    "learningRate": 0.001,
    "lstmUnits": [
      96,
      48
    ],
    "dropoutRate": 0.3,
    "l2Regularization": 0.0001
  },
  "score": 0.031040451359756253,
  "hyperparameters": {
    "lookbackWindow": 20,
    "featureSize": 19,
    "epochs": 50,
    "validationSplit": 0.2,
    "patience": 15,
    "searchSpace": {
      "batchSize": [
        32,
        64
      ],
      "learningRate": [
        0.001,
        0.0005,
        0.0001
      ],
      "lstmUnits": [
        [
          64,
          32
        ],
        [
          96,
          48
        ],
        [
          128,
          64
        ]
      ],
      "dropoutRate": [
        0.2,
        0.3,
        0.4
      ],
      "l2Regularization": [
        0.00001,
        0.00005,
        0.0001
      ]
    },
    "classWeights": {
      "positive": 1,
      "negative": 1.1010752688172043
    }
  },
  "timestamp": "2024-11-15T04:32:39.242Z"
}