{
  "metadata": {
    "totalKlines": 35140,
    "totalReversals": 1722,
    "upwardReversals": 885,
    "downwardReversals": 837
  },
  "combinations": {
    "upward": [
      {
        "combination": "ADX:30|MACD:neg|StochRSI:30|MOM:40|ROC:40|ATR:100|BBB:20|CMF:neg|OBV:pos",
        "effectiveness": 0.6666666666666666,
        "total": 3,
        "effective": 2,
        "indicators": {
          "adx": 30.820410450719017,
          "macd": -58.78060270234987,
          "stochRSI": 30.715355291756303,
          "momentum": -0.5037297342564306,
          "roc": -0.5037297342564283,
          "atr": 359.95524539434496,
          "bbandsB": 29.070426468531757,
          "cmf": -0.0016818119649189608,
          "obv": 53032.593020000306
        }
      },
      {
        "combination": "ADX:20|MACD:neg|StochRSI:10|MOM:40|ROC:40|ATR:100|BBB:10|CMF:neg|OBV:neg",
        "effectiveness": 0.6666666666666666,
        "total": 3,
        "effective": 2,
        "indicators": {
          "adx": 27.15467168028945,
          "macd": -62.829398541466,
          "stochRSI": 17.796198810391985,
          "momentum": -0.4129056795131758,
          "roc": -0.4129056795131809,
          "atr": 292.25984525050643,
          "bbandsB": 16.329809435856955,
          "cmf": -0.15978405158586934,
          "obv": -56752.31357999976
        }
      }
    ],
    "downward": []
  }
}