{
  "metadata": {
    "totalKlines": 35599,
    "totalReversals": 6716,
    "upwardReversals": 3441,
    "downwardReversals": 3275
  },
  "combinations": {
    "upward": [
      {
        "combination": "ADX:40|MACD:neg|StochRSI:-20|MOM:0|ROC:0|ATR:60|BBB:-20|CMF:neg|OBV:pos",
        "effectiveness": 0.6,
        "total": 5,
        "effective": 3,
        "indicators": {
          "adx": 41.56410523373239,
          "macd": -0.33352619699792796,
          "stochRSI": -15.327339396150993,
          "momentum": -3.8633590890605918,
          "roc": -3.8633590890605864,
          "atr": 0.6893681251884484,
          "bbandsB": -12.060027904185354,
          "cmf": -0.22826266767838557,
          "obv": 1167818.5580000044
        }
      }
    ],
    "downward": [
      {
        "combination": "ADX:30|MACD:pos|StochRSI:100|MOM:70|ROC:70|ATR:60|BBB:90|CMF:pos|OBV:pos",
        "effectiveness": 0.6666666666666666,
        "total": 6,
        "effective": 4,
        "indicators": {
          "adx": 31.180815622357205,
          "macd": 0.0018762587181284651,
          "stochRSI": 103.90385418237307,
          "momentum": 1.3069094804499137,
          "roc": 1.3069094804499186,
          "atr": 1.084890784236003,
          "bbandsB": 96.59469517850631,
          "cmf": 0.10817068358994447,
          "obv": 6658465.208000003
        }
      }
    ]
  }
}