{
  "metadata": {
    "totalKlines": 849,
    "totalReversals": 495,
    "upwardReversals": 237,
    "downwardReversals": 258
  },
  "combinations": {
    "upward": [
      {
        "combination": "ADX:30|MACD:pos|StochRSI:60|MOM:100|ROC:100|ATR:50|BBB:70|CMF:pos|OBV:pos",
        "effectiveness": 1,
        "total": 3,
        "effective": 3,
        "indicators": {
          "adx": 32.30722336738872,
          "macd": 0.01498677415705942,
          "stochRSI": 67.38575917790611,
          "momentum": 3.287844763056391,
          "roc": 3.28784476305638,
          "atr": 0.06983633910057095,
          "bbandsB": 74.76447529919409,
          "cmf": 0.06451141888642473,
          "obv": 508408167.30000055
        }
      }
    ],
    "downward": [
      {
        "combination": "ADX:50|MACD:pos|StochRSI:50|MOM:50|ROC:50|ATR:50|BBB:50|CMF:neg|OBV:pos",
        "effectiveness": 1,
        "total": 3,
        "effective": 3,
        "indicators": {
          "adx": 50.91412089185066,
          "macd": 0.006472914615377228,
          "stochRSI": 50,
          "momentum": 0,
          "roc": 0,
          "atr": 0.17343680982386833,
          "bbandsB": 50,
          "cmf": 0,
          "obv": 55019089.39999999
        }
      },
      {
        "combination": "ADX:30|MACD:pos|StochRSI:70|MOM:100|ROC:100|ATR:50|BBB:80|CMF:pos|OBV:pos",
        "effectiveness": 0.6666666666666666,
        "total": 3,
        "effective": 2,
        "indicators": {
          "adx": 39.199473089028416,
          "macd": 0.021145810899749318,
          "stochRSI": 77.2197815709968,
          "momentum": 13.01171981466338,
          "roc": 13.011719814663392,
          "atr": 0.11552822438187751,
          "bbandsB": 88.0922036740491,
          "cmf": 0.12532889028792862,
          "obv": 603666451.2000004
        }
      },
      {
        "combination": "ADX:50|MACD:pos|StochRSI:80|MOM:100|ROC:100|ATR:50|BBB:100|CMF:pos|OBV:pos",
        "effectiveness": 0.6666666666666666,
        "total": 3,
        "effective": 2,
        "indicators": {
          "adx": 50.42164231189114,
          "macd": 0.0129527140296541,
          "stochRSI": 80.98649640960637,
          "momentum": 6.884523590967495,
          "roc": 6.884523590967493,
          "atr": 0.05281971657393203,
          "bbandsB": 102.51644668845017,
          "cmf": 0.06742547482482573,
          "obv": 553098788.4000007
        }
      }
    ]
  }
}